id,first_name,last_name,email,gender,Address
1,Ilse,Sealy,isealy0@comsenz.com,Female,6 Graedel Drive
2,Field,Wasielewski,fwasielewski1@mysql.com,Male,55 Bartelt Pass
3,Bevon,Flanagan,bflanagan2@arstechnica.com,Male,77 Little Fleur Center
4,Hewe,Cardall,hcardall3@imdb.com,Male,16 Jenna Circle
5,Vivienne,Arundel,varundel4@mashable.com,Female,006 Westend Plaza
6,Fianna,Crasford,fcrasford5@flickr.com,Female,0759 Sunfield Circle
7,Pinchas,Bodechon,pbodechon6@symantec.com,Male,880 Prentice Terrace
8,Bette,Daud,bdaud7@mashable.com,Female,17 Redwing Court
9,Andie,Braghini,abraghini8@cbsnews.com,Female,217 Shopko Circle
10,Dionne,Whisker,dwhisker9@bing.com,Female,7 Cardinal Hill
11,Noe,Rilston,nrilstona@webnode.com,Male,23127 Waxwing Alley
12,Mayor,Jeaneau,mjeaneaub@usa.gov,Genderfluid,6258 Luster Crossing
13,Far,Sprague,fspraguec@oakley.com,Male,76 Talisman Pass
14,Edgardo,Anten,eantend@reddit.com,Male,35460 Roth Junction
15,Ronny,Knevett,rknevette@multiply.com,Female,544 Crescent Oaks Hill
16,Windham,Franzini,wfranzinif@weebly.com,Male,001 Iowa Place
17,Nevin,Gantzer,ngantzerg@shutterfly.com,Male,57 Iowa Place
18,Tammi,Frier,tfrierh@berkeley.edu,Female,5738 Kensington Way
19,Phineas,Stancer,pstanceri@reference.com,Male,6603 Blue Bill Park Pass
20,Helenka,Tresise,htresisej@google.co.jp,Female,759 Crest Line Park
21,Culley,Sibbering,csibberingk@yale.edu,Male,395 Londonderry Junction
22,Baron,Tompion,btompionl@4shared.com,Male,45 Colorado Road
23,Kinnie,Lamont,klamontm@nbcnews.com,Male,52 Shoshone Hill
24,Tova,Facer,tfacern@unc.edu,Bigender,247 Lakewood Gardens Street
25,Bennett,Olivey,boliveyo@nature.com,Male,40 Briar Crest Place
26,Hesther,Hurdiss,hhurdissp@toplist.cz,Female,629 Reinke Point
27,Helge,Kosiada,hkosiadaq@nbcnews.com,Female,473 Moose Plaza
28,Garvey,Mangenot,gmangenotr@discovery.com,Male,7 Kipling Trail
29,Rockey,Alvey,ralveys@bandcamp.com,Male,223 Jana Junction
30,Brittan,Sharrier,bsharriert@cnbc.com,Female,1 Village Green Avenue
31,Rockwell,Ridout,rridoutu@odnoklassniki.ru,Male,4841 Jenifer Terrace
32,Walden,Lavery,wlaveryv@google.com.br,Male,95 Sauthoff Parkway
33,Monika,Bradd,mbraddw@nhs.uk,Female,6 Ridgeway Hill
34,Christabella,Le Friec,clefriecx@lycos.com,Female,0 Claremont Street
35,Trina,Banisch,tbanischy@techcrunch.com,Female,87 Hoepker Alley
36,Gib,Bainton,gbaintonz@vk.com,Male,6 Birchwood Drive
37,Dacie,Clemmitt,dclemmitt10@state.gov,Agender,5 Petterle Point
38,Katerina,Mapson,kmapson11@washington.edu,Female,6 Thierer Hill
39,Shurlocke,Noblett,snoblett12@ycombinator.com,Male,64 Southridge Plaza
40,Ashbey,Hiers,ahiers13@artisteer.com,Male,5 Sachs Way
41,Wilfred,Varvara,wvarvara14@ftc.gov,Male,95826 Granby Point
42,Rosemary,Greenwood,rgreenwood15@howstuffworks.com,Female,6605 Debs Hill
43,Rory,Worshall,rworshall16@zdnet.com,Male,69743 Laurel Place
44,Neddy,Grimstead,ngrimstead17@europa.eu,Male,6 Pennsylvania Park
45,Gina,Kopp,gkopp18@nps.gov,Female,022 Arkansas Place
46,Herve,Bane,hbane19@about.me,Male,4185 Annamark Hill
47,Costa,Mitchener,cmitchener1a@disqus.com,Male,6252 Dahle Terrace
48,Patric,Labb,plabb1b@goo.ne.jp,Male,84 Porter Junction
49,Brennen,Scriviner,bscriviner1c@unesco.org,Male,52451 Maple Circle
50,Hodge,Herreran,hherreran1d@360.cn,Non-binary,4 Muir Lane
